{
  "lookback": 12,
  "n_features": 2,
  "n_total_months": 52,
  "n_train_months": 40,
  "n_val_months": 12,
  "loss_history": [
    0.32315587997436523,
    0.21164847910404205,
    0.1332298219203949,
    0.08682431280612946,
    0.07469607889652252,
    0.0889783725142479,
    0.08970147371292114,
    0.0740467980504036,
    0.06629117578268051,
    0.0649222657084465,
    0.06463536620140076,
    0.06559539586305618,
    0.06414657831192017
  ],
  "val_loss_history": [
    0.13590703904628754,
    0.0778442844748497,
    0.031559329479932785,
    0.005281153600662947,
    0.0004983062390238047,
    0.0009418916306458414,
    0.0005032694316469133,
    0.002010187366977334,
    0.006666188593953848,
    0.01192349661141634,
    0.014458145014941692,
    0.014840364456176758,
    0.01283422764390707
  ],
  "val_mae": 50.52685546875,
  "val_rmse": 58.21786880493164,
  "val_mape": 0.7227696944028139,
  "date_mode": "synthetic_weekly",
  "generated_at": "2025-12-16T20:09:58.826845+00:00",
  "input_path": "D:\\Aspyr_final\\ml_sales-prediction\\Assignment-3-ML-Sales_Transactions_Dataset_Weekly.csv",
  "saved_model_dir": "D:\\Aspyr_final\\ml_sales-prediction\\models\\lstm_saved_model",
  "scaler_path": "D:\\Aspyr_final\\ml_sales-prediction\\models\\scaler.pkl"
}